Date,Flight,Crop,Ranch,Males
3/18/2011,1,Almond,323,0
3/18/2011,1,Almond,323,1
3/18/2011,1,Almond,338,0
3/18/2011,1,Almond,339,2
3/18/2011,1,Almond,320,1
3/18/2011,1,Almond,374,0
3/18/2011,1,Almond,374,0
3/18/2011,1,Almond,374,2
3/18/2011,1,Almond,377,0
3/18/2011,1,Almond,379,3
3/18/2011,1,Almond,379,2
3/18/2011,1,Almond,381,12
3/18/2011,1,Almond,386,0
3/18/2011,1,Almond,3341,5
3/18/2011,1,Almond,387,0
3/18/2011,1,Almond,387,8
3/18/2011,1,Almond,3961,5
3/18/2011,1,Almond,3131,0
3/18/2011,1,Pistachio,417,79
3/18/2011,1,Pistachio,419,84
3/18/2011,1,Pistachio,437,71
3/18/2011,1,Pistachio,466,92
3/18/2011,1,Pistachio,475,16
3/18/2011,1,Pistachio,477,71
3/18/2011,1,Almond,3061,0
3/18/2011,1,Almond,3631,0
3/18/2011,1,Almond,3881,1
3/18/2011,1,Almond,3141,1
3/18/2011,1,Almond,301,0
3/18/2011,1,Almond,311,0
3/18/2011,1,Almond,351,6
3/18/2011,1,Almond,353,2
3/18/2011,1,Almond,362,0
3/18/2011,1,Almond,364,0
3/18/2011,1,Almond,394,0
3/18/2011,1,Almond,3151,0
3/18/2011,1,Almond,397,0
3/18/2011,1,Almond,368,0
3/18/2011,1,Almond,384,0
3/18/2011,1,Pistachio,422,40
3/18/2011,1,Pistachio,426,21
3/18/2011,1,Almond,349,2
3/18/2011,1,Almond,349,3
3/18/2011,1,Pistachio,412,58
3/18/2011,1,Pistachio,416,8
3/18/2011,1,Pistachio,430,57
3/18/2011,1,Pistachio,434,65
3/18/2011,1,Pistachio,435,36
3/18/2011,1,Pistachio,435,63
3/18/2011,1,Pistachio,441,7
3/18/2011,1,Pistachio,457,33
3/18/2011,1,Pistachio,463,42
3/18/2011,1,Pistachio,411,23
3/18/2011,1,Almond,3071,1
3/18/2011,1,Almond,3071,1
3/18/2011,1,Pistachio,405,54
3/18/2011,1,Pistachio,407,69
3/18/2011,1,Pistachio,423,7
3/18/2011,1,Pistachio,424,6
3/18/2011,1,Pistachio,433,12
3/18/2011,1,Pistachio,440,24
3/18/2011,1,Pistachio,445,81
3/18/2011,1,Pistachio,447,11
3/18/2011,1,Pistachio,480,12
3/23/2011,1,Almond,323,0
3/23/2011,1,Almond,323,0
3/23/2011,1,Almond,338,0
3/23/2011,1,Almond,339,0
3/23/2011,1,Almond,320,0
3/23/2011,1,Almond,374,0
3/23/2011,1,Almond,374,0
3/23/2011,1,Almond,374,0
3/23/2011,1,Almond,377,0
3/23/2011,1,Almond,379,0
3/23/2011,1,Almond,379,0
3/23/2011,1,Almond,381,0
3/23/2011,1,Almond,386,0
3/23/2011,1,Almond,3341,0
3/23/2011,1,Almond,387,0
3/23/2011,1,Almond,387,0
3/23/2011,1,Almond,3961,0
3/23/2011,1,Almond,3131,0
3/23/2011,1,Pistachio,417,18
3/23/2011,1,Pistachio,419,3
3/23/2011,1,Pistachio,437,0
3/23/2011,1,Pistachio,466,0
3/23/2011,1,Pistachio,475,0
3/23/2011,1,Pistachio,477,0
3/23/2011,1,Almond,3061,0
3/23/2011,1,Almond,3631,0
3/23/2011,1,Almond,3881,0
3/23/2011,1,Almond,3141,0
3/23/2011,1,Almond,301,0
3/23/2011,1,Almond,311,0
3/23/2011,1,Almond,351,0
3/23/2011,1,Almond,353,0
3/23/2011,1,Almond,362,0
3/23/2011,1,Almond,364,0
3/23/2011,1,Almond,394,0
3/23/2011,1,Almond,3151,0
3/23/2011,1,Almond,397,0
3/23/2011,1,Almond,368,0
3/23/2011,1,Almond,384,0
3/23/2011,1,Pistachio,422,0
3/23/2011,1,Pistachio,426,0
3/23/2011,1,Almond,349,0
3/23/2011,1,Almond,349,0
3/23/2011,1,Pistachio,412,9
3/23/2011,1,Pistachio,416,0
3/23/2011,1,Pistachio,430,0
3/23/2011,1,Pistachio,434,0
3/23/2011,1,Pistachio,435,0
3/23/2011,1,Pistachio,435,0
3/23/2011,1,Pistachio,441,0
3/23/2011,1,Pistachio,457,11
3/23/2011,1,Pistachio,463,5
3/23/2011,1,Pistachio,411,0
3/23/2011,1,Almond,3071,0
3/23/2011,1,Almond,3071,0
3/23/2011,1,Pistachio,405,0
3/23/2011,1,Pistachio,407,0
3/23/2011,1,Pistachio,423,0
3/23/2011,1,Pistachio,424,0
3/23/2011,1,Pistachio,433,0
3/23/2011,1,Pistachio,440,0
3/23/2011,1,Pistachio,445,0
3/23/2011,1,Pistachio,447,0
3/23/2011,1,Pistachio,480,0
3/30/2011,1,Almond,323,0
3/30/2011,1,Almond,323,0
3/30/2011,1,Almond,338,0
3/30/2011,1,Almond,339,0
3/30/2011,1,Almond,320,0
3/30/2011,1,Almond,374,0
3/30/2011,1,Almond,374,0
3/30/2011,1,Almond,374,0
3/30/2011,1,Almond,377,0
3/30/2011,1,Almond,379,0
3/30/2011,1,Almond,379,0
3/30/2011,1,Almond,381,0
3/30/2011,1,Almond,386,0
3/30/2011,1,Almond,3341,0
3/30/2011,1,Almond,387,0
3/30/2011,1,Almond,387,1
3/30/2011,1,Almond,3961,0
3/30/2011,1,Almond,3131,0
3/30/2011,1,Pistachio,417,32
3/30/2011,1,Pistachio,419,2
3/30/2011,1,Pistachio,437,3
3/30/2011,1,Pistachio,466,2
3/30/2011,1,Pistachio,475,2
3/30/2011,1,Pistachio,477,13
3/30/2011,1,Almond,3061,0
3/30/2011,1,Almond,3631,0
3/30/2011,1,Almond,3881,0
3/30/2011,1,Almond,3141,0
3/30/2011,1,Almond,301,0
3/30/2011,1,Almond,311,0
3/30/2011,1,Almond,351,0
3/30/2011,1,Almond,353,0
3/30/2011,1,Almond,362,0
3/30/2011,1,Almond,364,0
3/30/2011,1,Almond,394,0
3/30/2011,1,Almond,3151,0
3/30/2011,1,Almond,397,1
3/30/2011,1,Almond,368,0
3/30/2011,1,Almond,384,0
3/30/2011,1,Pistachio,422,1
3/30/2011,1,Pistachio,426,14
3/30/2011,1,Almond,349,0
3/30/2011,1,Almond,349,0
3/30/2011,1,Pistachio,412,56
3/30/2011,1,Pistachio,416,6
3/30/2011,1,Pistachio,430,4
3/30/2011,1,Pistachio,434,8
3/30/2011,1,Pistachio,435,9
3/30/2011,1,Pistachio,435,7
3/30/2011,1,Pistachio,441,0
3/30/2011,1,Pistachio,457,45
3/30/2011,1,Pistachio,463,38
3/30/2011,1,Pistachio,411,12
3/30/2011,1,Almond,3071,0
3/30/2011,1,Almond,3071,0
3/30/2011,1,Pistachio,405,50
3/30/2011,1,Pistachio,407,10
3/30/2011,1,Pistachio,423,3
3/30/2011,1,Pistachio,424,3
3/30/2011,1,Pistachio,433,2
3/30/2011,1,Pistachio,440,3
3/30/2011,1,Pistachio,445,60
3/30/2011,1,Pistachio,447,3
3/30/2011,1,Pistachio,480,4
4/6/2011,1,Almond,323,5
4/6/2011,1,Almond,323,4
4/6/2011,1,Almond,338,5
4/6/2011,1,Almond,339,23
4/6/2011,1,Almond,320,7
4/6/2011,1,Almond,374,3
4/6/2011,1,Almond,374,23
4/6/2011,1,Almond,374,53
4/6/2011,1,Almond,377,12
4/6/2011,1,Almond,379,24
4/6/2011,1,Almond,379,33
4/6/2011,1,Almond,381,48
4/6/2011,1,Almond,386,5
4/6/2011,1,Almond,3341,23
4/6/2011,1,Almond,387,7
4/6/2011,1,Almond,387,10
4/6/2011,1,Almond,3961,106
4/6/2011,1,Almond,3131,7
4/6/2011,1,Pistachio,417,81
4/6/2011,1,Pistachio,419,86
4/6/2011,1,Pistachio,437,63
4/6/2011,1,Pistachio,466,100
4/6/2011,1,Pistachio,475,15
4/6/2011,1,Pistachio,477,73
4/6/2011,1,Almond,3061,0
4/6/2011,1,Almond,3631,16
4/6/2011,1,Almond,3881,6
4/6/2011,1,Almond,3141,8
4/6/2011,1,Almond,301,1
4/6/2011,1,Almond,311,11
4/6/2011,1,Almond,351,14
4/6/2011,1,Almond,353,37
4/6/2011,1,Almond,362,10
4/6/2011,1,Almond,364,5
4/6/2011,1,Almond,394,5
4/6/2011,1,Almond,3151,1
4/6/2011,1,Almond,397,13
4/6/2011,1,Almond,368,1
4/6/2011,1,Almond,384,3
4/6/2011,1,Pistachio,422,56
4/6/2011,1,Pistachio,426,49
4/6/2011,1,Almond,349,9
4/6/2011,1,Almond,349,5
4/6/2011,1,Pistachio,412,79
4/6/2011,1,Pistachio,416,70
4/6/2011,1,Pistachio,430,107
4/6/2011,1,Pistachio,434,109
4/6/2011,1,Pistachio,435,90
4/6/2011,1,Pistachio,435,96
4/6/2011,1,Pistachio,441,47
4/6/2011,1,Pistachio,457,71
4/6/2011,1,Pistachio,463,90
4/6/2011,1,Pistachio,411,88
4/6/2011,1,Almond,3071,18
4/6/2011,1,Almond,3071,4
4/6/2011,1,Pistachio,405,85
4/6/2011,1,Pistachio,407,111
4/6/2011,1,Pistachio,423,22
4/6/2011,1,Pistachio,424,81
4/6/2011,1,Pistachio,433,114
4/6/2011,1,Pistachio,440,128
4/6/2011,1,Pistachio,445,99
4/6/2011,1,Pistachio,447,110
4/6/2011,1,Pistachio,480,61
4/13/2011,1,Almond,323,4
4/13/2011,1,Almond,323,2
4/13/2011,1,Almond,338,0
4/13/2011,1,Almond,339,0
4/13/2011,1,Almond,320,4
4/13/2011,1,Almond,374,0
4/13/2011,1,Almond,374,0
4/13/2011,1,Almond,374,0
4/13/2011,1,Almond,377,1
4/13/2011,1,Almond,379,4
4/13/2011,1,Almond,379,11
4/13/2011,1,Almond,381,0
4/13/2011,1,Almond,386,0
4/13/2011,1,Almond,3341,3
4/13/2011,1,Almond,387,2
4/13/2011,1,Almond,387,0
4/13/2011,1,Almond,3961,2
4/13/2011,1,Almond,3131,0
4/13/2011,1,Pistachio,417,81
4/13/2011,1,Pistachio,419,53
4/13/2011,1,Pistachio,437,15
4/13/2011,1,Pistachio,466,2
4/13/2011,1,Pistachio,475,0
4/13/2011,1,Pistachio,477,24
4/13/2011,1,Almond,3061,0
4/13/2011,1,Almond,3631,0
4/13/2011,1,Almond,3881,0
4/13/2011,1,Almond,3141,0
4/13/2011,1,Almond,301,0
4/13/2011,1,Almond,311,0
4/13/2011,1,Almond,351,4
4/13/2011,1,Almond,353,2
4/13/2011,1,Almond,362,0
4/13/2011,1,Almond,364,0
4/13/2011,1,Almond,394,0
4/13/2011,1,Almond,3151,0
4/13/2011,1,Almond,397,0
4/13/2011,1,Almond,368,0
4/13/2011,1,Almond,384,0
4/13/2011,1,Pistachio,422,82
4/13/2011,1,Pistachio,426,59
4/13/2011,1,Almond,349,2
4/13/2011,1,Almond,349,3
4/13/2011,1,Pistachio,412,158
4/13/2011,1,Pistachio,416,104
4/13/2011,1,Pistachio,430,50
4/13/2011,1,Pistachio,434,66
4/13/2011,1,Pistachio,435,59
4/13/2011,1,Pistachio,435,98
4/13/2011,1,Pistachio,441,9
4/13/2011,1,Pistachio,457,122
4/13/2011,1,Pistachio,463,121
4/13/2011,1,Pistachio,411,153
4/13/2011,1,Almond,3071,1
4/13/2011,1,Almond,3071,0
4/13/2011,1,Pistachio,405,132
4/13/2011,1,Pistachio,407,111
4/13/2011,1,Pistachio,423,12
4/13/2011,1,Pistachio,424,25
4/13/2011,1,Pistachio,433,7
4/13/2011,1,Pistachio,440,40
4/13/2011,1,Pistachio,445,132
4/13/2011,1,Pistachio,447,90
4/13/2011,1,Pistachio,480,13
4/20/2011,1,Almond,323,33
4/20/2011,1,Almond,323,3
4/20/2011,1,Almond,338,1
4/20/2011,1,Almond,339,0
4/20/2011,1,Almond,320,0
4/20/2011,1,Almond,374,1
4/20/2011,1,Almond,374,1
4/20/2011,1,Almond,374,5
4/20/2011,1,Almond,377,5
4/20/2011,1,Almond,379,7
4/20/2011,1,Almond,379,12
4/20/2011,1,Almond,381,10
4/20/2011,1,Almond,386,1
4/20/2011,1,Almond,3341,9
4/20/2011,1,Almond,387,5
4/20/2011,1,Almond,387,10
4/20/2011,1,Almond,3961,104
4/20/2011,1,Almond,3131,0
4/20/2011,1,Pistachio,417,81
4/20/2011,1,Pistachio,419,53
4/20/2011,1,Pistachio,437,71
4/20/2011,1,Pistachio,466,21
4/20/2011,1,Pistachio,475,0
4/20/2011,1,Pistachio,477,91
4/20/2011,1,Almond,3061,0
4/20/2011,1,Almond,3631,0
4/20/2011,1,Almond,3881,18
4/20/2011,1,Almond,3141,10
4/20/2011,1,Almond,301,3
4/20/2011,1,Almond,311,24
4/20/2011,1,Almond,351,29
4/20/2011,1,Almond,353,16
4/20/2011,1,Almond,362,7
4/20/2011,1,Almond,364,5
4/20/2011,1,Almond,394,8
4/20/2011,1,Almond,3151,0
4/20/2011,1,Almond,397,30
4/20/2011,1,Almond,368,2
4/20/2011,1,Almond,384,3
4/20/2011,1,Pistachio,422,98
4/20/2011,1,Pistachio,426,95
4/20/2011,1,Almond,349,0
4/20/2011,1,Almond,349,0
4/20/2011,1,Pistachio,412,113
4/20/2011,1,Pistachio,416,90
4/20/2011,1,Pistachio,430,27
4/20/2011,1,Pistachio,434,4
4/20/2011,1,Pistachio,435,22
4/20/2011,1,Pistachio,435,88
4/20/2011,1,Pistachio,441,0
4/20/2011,1,Pistachio,457,101
4/20/2011,1,Pistachio,463,76
4/20/2011,1,Pistachio,411,112
4/20/2011,1,Almond,3071,5
4/20/2011,1,Almond,3071,6
4/20/2011,1,Pistachio,405,4
4/20/2011,1,Pistachio,407,87
4/20/2011,1,Pistachio,423,48
4/20/2011,1,Pistachio,424,70
4/20/2011,1,Pistachio,433,0
4/20/2011,1,Pistachio,440,0
4/20/2011,1,Pistachio,445,45
4/20/2011,1,Pistachio,447,2
4/20/2011,1,Pistachio,480,57
4/27/2011,1,Almond,323,38
4/27/2011,1,Almond,323,8
4/27/2011,1,Almond,338,0
4/27/2011,1,Almond,339,0
4/27/2011,1,Almond,320,2
4/27/2011,1,Almond,374,0
4/27/2011,1,Almond,374,3
4/27/2011,1,Almond,374,6
4/27/2011,1,Almond,377,1
4/27/2011,1,Almond,379,2
4/27/2011,1,Almond,379,12
4/27/2011,1,Almond,381,0
4/27/2011,1,Almond,386,0
4/27/2011,1,Almond,3341,2
4/27/2011,1,Almond,387,4
4/27/2011,1,Almond,387,3
4/27/2011,1,Almond,3961,106
4/27/2011,1,Almond,3131,0
4/27/2011,1,Pistachio,417,2
4/27/2011,1,Pistachio,419,53
4/27/2011,1,Pistachio,437,15
4/27/2011,1,Pistachio,466,4
4/27/2011,1,Pistachio,475,72
4/27/2011,1,Pistachio,477,0
4/27/2011,1,Almond,3061,6
4/27/2011,1,Almond,3631,5
4/27/2011,1,Almond,3881,5
4/27/2011,1,Almond,3141,2
4/27/2011,1,Almond,301,0
4/27/2011,1,Almond,311,16
4/27/2011,1,Almond,351,14
4/27/2011,1,Almond,353,29
4/27/2011,1,Almond,362,3
4/27/2011,1,Almond,364,2
4/27/2011,1,Almond,394,6
4/27/2011,1,Almond,3151,0
4/27/2011,1,Almond,397,10
4/27/2011,1,Almond,368,1
4/27/2011,1,Almond,384,2
4/27/2011,1,Pistachio,422,87
4/27/2011,1,Pistachio,426,99
4/27/2011,1,Almond,349,0
4/27/2011,1,Almond,349,2
4/27/2011,1,Pistachio,412,75
4/27/2011,1,Pistachio,416,93
4/27/2011,1,Pistachio,430,105
4/27/2011,1,Pistachio,434,76
4/27/2011,1,Pistachio,435,82
4/27/2011,1,Pistachio,435,123
4/27/2011,1,Pistachio,441,0
4/27/2011,1,Pistachio,457,76
4/27/2011,1,Pistachio,463,86
4/27/2011,1,Pistachio,411,99
4/27/2011,1,Almond,3071,14
4/27/2011,1,Almond,3071,1
4/27/2011,1,Pistachio,405,39
4/27/2011,1,Pistachio,407,92
4/27/2011,1,Pistachio,423,38
4/27/2011,1,Pistachio,424,42
4/27/2011,1,Pistachio,433,4
4/27/2011,1,Pistachio,440,0
4/27/2011,1,Pistachio,445,92
4/27/2011,1,Pistachio,447,1
4/27/2011,1,Pistachio,480,60
5/5/2011,1,Almond,323,98
5/5/2011,1,Almond,323,18
5/5/2011,1,Almond,338,0
5/5/2011,1,Almond,339,0
5/5/2011,1,Almond,320,0
5/5/2011,1,Almond,374,0
5/5/2011,1,Almond,374,13
5/5/2011,1,Almond,374,5
5/5/2011,1,Almond,377,1
5/5/2011,1,Almond,379,43
5/5/2011,1,Almond,379,60
5/5/2011,1,Almond,381,27
5/5/2011,1,Almond,386,0
5/5/2011,1,Almond,3341,9
5/5/2011,1,Almond,387,20
5/5/2011,1,Almond,387,11
5/5/2011,1,Almond,3961,183
5/5/2011,1,Almond,3131,0
5/5/2011,1,Pistachio,417,0
5/5/2011,1,Pistachio,419,26
5/5/2011,1,Pistachio,437,13
5/5/2011,1,Pistachio,466,0
5/5/2011,1,Pistachio,475,0
5/5/2011,1,Pistachio,477,108
5/5/2011,1,Almond,3061,2
5/5/2011,1,Almond,3631,10
5/5/2011,1,Almond,3881,13
5/5/2011,1,Almond,3141,23
5/5/2011,1,Almond,301,2
5/5/2011,1,Almond,311,88
5/5/2011,1,Almond,351,15
5/5/2011,1,Almond,353,38
5/5/2011,1,Almond,362,0
5/5/2011,1,Almond,364,3
5/5/2011,1,Almond,394,14
5/5/2011,1,Almond,3151,0
5/5/2011,1,Almond,397,30
5/5/2011,1,Almond,368,7
5/5/2011,1,Almond,384,18
5/5/2011,1,Pistachio,422,89
5/5/2011,1,Pistachio,426,124
5/5/2011,1,Almond,349,0
5/5/2011,1,Almond,349,0
5/5/2011,1,Pistachio,412,93
5/5/2011,1,Pistachio,416,99
5/5/2011,1,Pistachio,430,23
5/5/2011,1,Pistachio,434,0
5/5/2011,1,Pistachio,435,17
5/5/2011,1,Pistachio,435,44
5/5/2011,1,Pistachio,441,0
5/5/2011,1,Pistachio,457,77
5/5/2011,1,Pistachio,463,110
5/5/2011,1,Pistachio,411,96
5/5/2011,1,Almond,3071,12
5/5/2011,1,Almond,3071,2
5/5/2011,1,Pistachio,405,12
5/5/2011,1,Pistachio,407,92
5/5/2011,1,Pistachio,423,36
5/5/2011,1,Pistachio,424,63
5/5/2011,1,Pistachio,433,0
5/5/2011,1,Pistachio,440,0
5/5/2011,1,Pistachio,445,60
5/5/2011,1,Pistachio,447,0
5/5/2011,1,Pistachio,480,58
5/11/2011,1,Almond,323,49
5/11/2011,1,Almond,323,17
5/11/2011,1,Almond,338,0
5/11/2011,1,Almond,339,2
5/11/2011,1,Almond,320,7
5/11/2011,1,Almond,374,0
5/11/2011,1,Almond,374,14
5/11/2011,1,Almond,374,48
5/11/2011,1,Almond,377,0
5/11/2011,1,Almond,379,12
5/11/2011,1,Almond,379,57
5/11/2011,1,Almond,381,79
5/11/2011,1,Almond,386,17
5/11/2011,1,Almond,3341,21
5/11/2011,1,Almond,387,20
5/11/2011,1,Almond,387,35
5/11/2011,1,Almond,3961,189
5/11/2011,1,Almond,3131,0
5/11/2011,1,Pistachio,417,23
5/11/2011,1,Pistachio,419,7
5/11/2011,1,Pistachio,437,1
5/11/2011,1,Pistachio,466,17
5/11/2011,1,Pistachio,475,0
5/11/2011,1,Pistachio,477,27
5/11/2011,1,Almond,3061,0
5/11/2011,1,Almond,3631,3
5/11/2011,1,Almond,3881,19
5/11/2011,1,Almond,3141,12
5/11/2011,1,Almond,301,2
5/11/2011,1,Almond,311,50
5/11/2011,1,Almond,351,24
5/11/2011,1,Almond,353,25
5/11/2011,1,Almond,362,0
5/11/2011,1,Almond,364,0
5/11/2011,1,Almond,394,1
5/11/2011,1,Almond,3151,1
5/11/2011,1,Almond,397,4
5/11/2011,1,Almond,368,1
5/11/2011,1,Almond,384,4
5/11/2011,1,Pistachio,422,81
5/11/2011,1,Pistachio,426,87
5/11/2011,1,Almond,349,0
5/11/2011,1,Almond,349,0
5/11/2011,1,Pistachio,412,80
5/11/2011,1,Pistachio,416,88
5/11/2011,1,Pistachio,430,0
5/11/2011,1,Pistachio,434,0
5/11/2011,1,Pistachio,435,0
5/11/2011,1,Pistachio,435,6
5/11/2011,1,Pistachio,441,0
5/11/2011,1,Pistachio,457,73
5/11/2011,1,Pistachio,463,78
5/11/2011,1,Pistachio,411,67
5/11/2011,1,Almond,3071,26
5/11/2011,1,Almond,3071,4
5/11/2011,1,Pistachio,405,7
5/11/2011,1,Pistachio,407,89
5/11/2011,1,Pistachio,423,57
5/11/2011,1,Pistachio,424,81
5/11/2011,1,Pistachio,433,0
5/11/2011,1,Pistachio,440,0
5/11/2011,1,Pistachio,445,79
5/11/2011,1,Pistachio,447,0
5/11/2011,1,Pistachio,480,30
5/18/2011,1,Almond,323,67
5/18/2011,1,Almond,323,17
5/18/2011,1,Almond,338,0
5/18/2011,1,Almond,339,0
5/18/2011,1,Almond,320,3
5/18/2011,1,Almond,374,0
5/18/2011,1,Almond,374,21
5/18/2011,1,Almond,374,15
5/18/2011,1,Almond,377,0
5/18/2011,1,Almond,379,15
5/18/2011,1,Almond,379,28
5/18/2011,1,Almond,381,25
5/18/2011,1,Almond,386,11
5/18/2011,1,Almond,3341,9
5/18/2011,1,Almond,387,9
5/18/2011,1,Almond,387,31
5/18/2011,1,Almond,3961,135
5/18/2011,1,Almond,3131,0
5/18/2011,1,Pistachio,417,0
5/18/2011,1,Pistachio,419,0
5/18/2011,1,Pistachio,437,0
5/18/2011,1,Pistachio,466,0
5/18/2011,1,Pistachio,475,0
5/18/2011,1,Pistachio,477,0
5/18/2011,1,Almond,3061,1
5/18/2011,1,Almond,3631,3
5/18/2011,1,Almond,3881,3
5/18/2011,1,Almond,3141,0
5/18/2011,1,Almond,301,1
5/18/2011,1,Almond,311,19
5/18/2011,1,Almond,351,6
5/18/2011,1,Almond,353,12
5/18/2011,1,Almond,362,0
5/18/2011,1,Almond,364,0
5/18/2011,1,Almond,394,7
5/18/2011,1,Almond,3151,0
5/18/2011,1,Almond,397,8
5/18/2011,1,Almond,368,0
5/18/2011,1,Almond,384,1
5/18/2011,1,Pistachio,422,81
5/18/2011,1,Pistachio,426,99
5/18/2011,1,Almond,349,0
5/18/2011,1,Almond,349,0
5/18/2011,1,Pistachio,412,48
5/18/2011,1,Pistachio,416,49
5/18/2011,1,Pistachio,430,0
5/18/2011,1,Pistachio,434,0
5/18/2011,1,Pistachio,435,1
5/18/2011,1,Pistachio,435,1
5/18/2011,1,Pistachio,441,0
5/18/2011,1,Pistachio,457,99
5/18/2011,1,Pistachio,463,96
5/18/2011,1,Pistachio,411,114
5/18/2011,1,Almond,3071,6
5/18/2011,1,Almond,3071,1
5/18/2011,1,Pistachio,405,0
5/18/2011,1,Pistachio,407,86
5/18/2011,1,Pistachio,423,57
5/18/2011,1,Pistachio,424,92
5/18/2011,1,Pistachio,433,0
5/18/2011,1,Pistachio,440,0
5/18/2011,1,Pistachio,445,1
5/18/2011,1,Pistachio,447,0
5/18/2011,1,Pistachio,480,44
5/25/2011,1,Almond,323,61
5/25/2011,1,Almond,323,13
5/25/2011,1,Almond,338,0
5/25/2011,1,Almond,339,11
5/25/2011,1,Almond,320,0
5/25/2011,1,Almond,374,0
5/25/2011,1,Almond,374,10
5/25/2011,1,Almond,374,1
5/25/2011,1,Almond,377,0
5/25/2011,1,Almond,379,34
5/25/2011,1,Almond,379,21
5/25/2011,1,Almond,381,0
5/25/2011,1,Almond,386,6
5/25/2011,1,Almond,3341,9
5/25/2011,1,Almond,387,40
5/25/2011,1,Almond,387,30
5/25/2011,1,Almond,3961,0
5/25/2011,1,Almond,3131,0
5/25/2011,1,Pistachio,417,3
5/25/2011,1,Pistachio,419,1
5/25/2011,1,Pistachio,437,0
5/25/2011,1,Pistachio,466,0
5/25/2011,1,Pistachio,475,0
5/25/2011,1,Pistachio,477,3
5/25/2011,1,Almond,3061,0
5/25/2011,1,Almond,3631,2
5/25/2011,1,Almond,3881,2
5/25/2011,1,Almond,3141,10
5/25/2011,1,Almond,301,0
5/25/2011,1,Almond,311,3
5/25/2011,1,Almond,351,2
5/25/2011,1,Almond,353,12
5/25/2011,1,Almond,362,0
5/25/2011,1,Almond,364,0
5/25/2011,1,Almond,394,5
5/25/2011,1,Almond,3151,0
5/25/2011,1,Almond,397,7
5/25/2011,1,Almond,368,0
5/25/2011,1,Almond,384,0
5/25/2011,1,Pistachio,422,1
5/25/2011,1,Pistachio,426,0
5/25/2011,1,Almond,349,0
5/25/2011,1,Almond,349,0
5/25/2011,1,Pistachio,412,8
5/25/2011,1,Pistachio,416,61
5/25/2011,1,Pistachio,430,0
5/25/2011,1,Pistachio,434,0
5/25/2011,1,Pistachio,435,0
5/25/2011,1,Pistachio,435,0
5/25/2011,1,Pistachio,441,0
5/25/2011,1,Pistachio,457,71
5/25/2011,1,Pistachio,463,78
5/25/2011,1,Pistachio,411,69
5/25/2011,1,Almond,3071,0
5/25/2011,1,Almond,3071,0
5/25/2011,1,Pistachio,405,0
5/25/2011,1,Pistachio,407,14
5/25/2011,1,Pistachio,423,0
5/25/2011,1,Pistachio,424,0
5/25/2011,1,Pistachio,433,0
5/25/2011,1,Pistachio,440,0
5/25/2011,1,Pistachio,445,1
5/25/2011,1,Pistachio,447,0
5/25/2011,1,Pistachio,480,15
6/1/2011,1,Almond,323,3
6/1/2011,1,Almond,323,0
6/1/2011,1,Almond,338,0
6/1/2011,1,Almond,339,0
6/1/2011,1,Almond,320,0
6/1/2011,1,Almond,374,0
6/1/2011,1,Almond,374,0
6/1/2011,1,Almond,374,0
6/1/2011,1,Almond,377,0
6/1/2011,1,Almond,379,0
6/1/2011,1,Almond,379,0
6/1/2011,1,Almond,381,0
6/1/2011,1,Almond,386,0
6/1/2011,1,Almond,3341,0
6/1/2011,1,Almond,387,0
6/1/2011,1,Almond,387,0
6/1/2011,1,Almond,3961,0
6/1/2011,1,Almond,3131,0
6/1/2011,1,Pistachio,417,0
6/1/2011,1,Pistachio,419,0
6/1/2011,1,Pistachio,437,0
6/1/2011,1,Pistachio,466,0
6/1/2011,1,Pistachio,475,0
6/1/2011,1,Pistachio,477,0
6/1/2011,1,Almond,3061,4
6/1/2011,1,Almond,3631,33
6/1/2011,1,Almond,3881,10
6/1/2011,1,Almond,3141,0
6/1/2011,1,Almond,301,0
6/1/2011,1,Almond,311,2
6/1/2011,1,Almond,351,0
6/1/2011,1,Almond,353,13
6/1/2011,1,Almond,362,0
6/1/2011,1,Almond,364,1
6/1/2011,1,Almond,394,16
6/1/2011,1,Almond,3151,0
6/1/2011,1,Almond,397,2
6/1/2011,1,Almond,368,5
6/1/2011,1,Almond,384,2
6/1/2011,1,Pistachio,422,13
6/1/2011,1,Pistachio,426,0
6/1/2011,1,Almond,349,0
6/1/2011,1,Almond,349,2
6/1/2011,1,Pistachio,412,16
6/1/2011,1,Pistachio,416,2
6/1/2011,1,Pistachio,430,2
6/1/2011,1,Pistachio,434,0
6/1/2011,1,Pistachio,435,2
6/1/2011,1,Pistachio,435,17
6/1/2011,1,Pistachio,441,0
6/1/2011,1,Pistachio,457,6
6/1/2011,1,Pistachio,463,1
6/1/2011,1,Pistachio,411,20
6/1/2011,1,Almond,3071,0
6/1/2011,1,Almond,3071,0
6/1/2011,1,Pistachio,405,10
6/1/2011,1,Pistachio,407,23
6/1/2011,1,Pistachio,423,0
6/1/2011,1,Pistachio,424,0
6/1/2011,1,Pistachio,433,0
6/1/2011,1,Pistachio,440,1
6/1/2011,1,Pistachio,445,66
6/1/2011,1,Pistachio,447,0
6/1/2011,1,Pistachio,480,5
6/8/2011,1,Almond,323,1
6/8/2011,1,Almond,323,0
6/8/2011,1,Almond,338,0
6/8/2011,1,Almond,339,0
6/8/2011,1,Almond,320,0
6/8/2011,1,Almond,374,0
6/8/2011,1,Almond,374,0
6/8/2011,1,Almond,374,0
6/8/2011,1,Almond,377,0
6/8/2011,1,Almond,379,0
6/8/2011,1,Almond,379,2
6/8/2011,1,Almond,381,0
6/8/2011,1,Almond,386,0
6/8/2011,1,Almond,3341,0
6/8/2011,1,Almond,387,0
6/8/2011,1,Almond,387,0
6/8/2011,1,Almond,3961,5
6/8/2011,1,Almond,3131,0
6/8/2011,1,Pistachio,417,0
6/8/2011,1,Pistachio,419,0
6/8/2011,1,Pistachio,437,0
6/8/2011,1,Pistachio,466,0
6/8/2011,1,Pistachio,475,0
6/8/2011,1,Pistachio,477,0
6/8/2011,1,Almond,3061,0
6/8/2011,1,Almond,3631,4
6/8/2011,1,Almond,3881,0
6/8/2011,1,Almond,3141,7
6/8/2011,1,Almond,301,0
6/8/2011,1,Almond,311,5
6/8/2011,1,Almond,351,6
6/8/2011,1,Almond,353,10
6/8/2011,1,Almond,362,2
6/8/2011,1,Almond,364,2
6/8/2011,1,Almond,394,14
6/8/2011,1,Almond,3151,0
6/8/2011,1,Almond,397,6
6/8/2011,1,Almond,368,1
6/8/2011,1,Almond,384,7
6/8/2011,1,Pistachio,422,36
6/8/2011,1,Pistachio,426,6
6/8/2011,1,Almond,349,0
6/8/2011,1,Almond,349,0
6/8/2011,1,Pistachio,412,35
6/8/2011,1,Pistachio,416,10
6/8/2011,1,Pistachio,430,1
6/8/2011,1,Pistachio,434,0
6/8/2011,1,Pistachio,435,0
6/8/2011,1,Pistachio,435,0
6/8/2011,1,Pistachio,441,0
6/8/2011,1,Pistachio,457,9
6/8/2011,1,Pistachio,463,13
6/8/2011,1,Pistachio,411,34
6/8/2011,1,Almond,3071,1
6/8/2011,1,Almond,3071,0
6/8/2011,1,Pistachio,405,0
6/8/2011,1,Pistachio,407,0
6/8/2011,1,Pistachio,423,1
6/8/2011,1,Pistachio,424,1
6/8/2011,1,Pistachio,433,0
6/8/2011,1,Pistachio,440,0
6/8/2011,1,Pistachio,445,13
6/8/2011,1,Pistachio,447,0
6/8/2011,1,Pistachio,480,4
6/15/2011,1,Almond,323,12
6/15/2011,1,Almond,323,5
6/15/2011,1,Almond,338,0
6/15/2011,1,Almond,339,0
6/15/2011,1,Almond,320,1
6/15/2011,1,Almond,374,0
6/15/2011,1,Almond,374,8
6/15/2011,1,Almond,374,0
6/15/2011,1,Almond,377,0
6/15/2011,1,Almond,379,18
6/15/2011,1,Almond,379,14
6/15/2011,1,Almond,381,6
6/15/2011,1,Almond,386,0
6/15/2011,1,Almond,3341,0
6/15/2011,1,Almond,387,6
6/15/2011,1,Almond,387,1
6/15/2011,1,Almond,3961,69
6/15/2011,1,Almond,3131,0
6/15/2011,1,Pistachio,417,2
6/15/2011,1,Pistachio,419,8
6/15/2011,1,Pistachio,437,14
6/15/2011,1,Pistachio,466,0
6/15/2011,1,Pistachio,475,0
6/15/2011,1,Pistachio,477,2
6/15/2011,1,Almond,3061,0
6/15/2011,1,Almond,3631,0
6/15/2011,1,Almond,3881,3
6/15/2011,1,Almond,3141,11
6/15/2011,1,Almond,301,1
6/15/2011,1,Almond,311,41
6/15/2011,1,Almond,351,2
6/15/2011,1,Almond,353,25
6/15/2011,1,Almond,362,0
6/15/2011,1,Almond,364,1
6/15/2011,1,Almond,394,1
6/15/2011,1,Almond,3151,0
6/15/2011,1,Almond,397,2
6/15/2011,1,Almond,368,0
6/15/2011,1,Almond,384,0
6/15/2011,1,Pistachio,422,20
6/15/2011,1,Pistachio,426,12
6/15/2011,1,Almond,349,0
6/15/2011,1,Almond,349,0
6/15/2011,1,Pistachio,412,34
6/15/2011,1,Pistachio,416,15
6/15/2011,1,Pistachio,430,0
6/15/2011,1,Pistachio,434,0
6/15/2011,1,Pistachio,435,1
6/15/2011,1,Pistachio,435,1
6/15/2011,1,Pistachio,441,0
6/15/2011,1,Pistachio,457,58
6/15/2011,1,Pistachio,463,45
6/15/2011,1,Pistachio,411,57
6/15/2011,1,Almond,3071,2
6/15/2011,1,Almond,3071,1
6/15/2011,1,Pistachio,405,0
6/15/2011,1,Pistachio,407,46
6/15/2011,1,Pistachio,423,0
6/15/2011,1,Pistachio,424,7
6/15/2011,1,Pistachio,433,0
6/15/2011,1,Pistachio,440,0
6/15/2011,1,Pistachio,445,2
6/15/2011,1,Pistachio,447,0
6/15/2011,1,Pistachio,480,1
6/22/2011,1,Almond,323,9
6/22/2011,1,Almond,323,13
6/22/2011,1,Almond,338,0
6/22/2011,1,Almond,339,2
6/22/2011,1,Almond,320,0
6/22/2011,1,Almond,374,0
6/22/2011,1,Almond,374,2
6/22/2011,1,Almond,374,3
6/22/2011,1,Almond,377,0
6/22/2011,1,Almond,379,13
6/22/2011,1,Almond,379,7
6/22/2011,1,Almond,381,6
6/22/2011,1,Almond,386,2
6/22/2011,1,Almond,3341,9
6/22/2011,1,Almond,387,5
6/22/2011,1,Almond,387,5
6/22/2011,1,Almond,3961,53
6/22/2011,1,Almond,3131,0
6/22/2011,1,Pistachio,417,9
6/22/2011,1,Pistachio,419,0
6/22/2011,1,Pistachio,437,6
6/22/2011,1,Pistachio,466,0
6/22/2011,1,Pistachio,475,0
6/22/2011,1,Pistachio,477,4
6/22/2011,1,Almond,3061,3
6/22/2011,1,Almond,3631,1
6/22/2011,1,Almond,3881,0
6/22/2011,1,Almond,3141,9
6/22/2011,1,Almond,301,0
6/22/2011,1,Almond,311,34
6/22/2011,1,Almond,351,4
6/22/2011,1,Almond,353,2
6/22/2011,1,Almond,362,0
6/22/2011,1,Almond,364,0
6/22/2011,1,Almond,394,4
6/22/2011,1,Almond,3151,0
6/22/2011,1,Almond,397,6
6/22/2011,1,Almond,368,1
6/22/2011,1,Almond,384,0
6/22/2011,1,Pistachio,422,34
6/22/2011,1,Pistachio,426,26
6/22/2011,1,Almond,349,0
6/22/2011,1,Almond,349,0
6/22/2011,1,Pistachio,412,54
6/22/2011,1,Pistachio,416,11
6/22/2011,1,Pistachio,430,2
6/22/2011,1,Pistachio,434,0
6/22/2011,1,Pistachio,435,2
6/22/2011,1,Pistachio,435,10
6/22/2011,1,Pistachio,441,0
6/22/2011,1,Pistachio,457,34
6/22/2011,1,Pistachio,463,24
6/22/2011,1,Pistachio,411,38
6/22/2011,1,Almond,3071,0
6/22/2011,1,Almond,3071,1
6/22/2011,1,Pistachio,405,0
6/22/2011,1,Pistachio,407,28
6/22/2011,1,Pistachio,423,6
6/22/2011,1,Pistachio,424,4
6/22/2011,1,Pistachio,433,0
6/22/2011,1,Pistachio,440,0
6/22/2011,1,Pistachio,445,1
6/22/2011,1,Pistachio,447,0
6/22/2011,1,Pistachio,480,1
6/29/2011,1,Almond,323,3
6/29/2011,1,Almond,323,0
6/29/2011,1,Almond,338,0
6/29/2011,1,Almond,339,0
6/29/2011,1,Almond,320,1
6/29/2011,1,Almond,374,0
6/29/2011,1,Almond,374,2
6/29/2011,1,Almond,374,0
6/29/2011,1,Almond,377,0
6/29/2011,1,Almond,379,6
6/29/2011,1,Almond,379,7
6/29/2011,1,Almond,381,6
6/29/2011,1,Almond,386,0
6/29/2011,1,Almond,3341,2
6/29/2011,1,Almond,387,0
6/29/2011,1,Almond,387,2
6/29/2011,1,Almond,3961,33
6/29/2011,1,Almond,3131,0
6/29/2011,1,Pistachio,417,0
6/29/2011,1,Pistachio,419,1
6/29/2011,1,Pistachio,437,2
6/29/2011,1,Pistachio,466,0
6/29/2011,1,Pistachio,475,0
6/29/2011,1,Pistachio,477,2
6/29/2011,1,Almond,3061,2
6/29/2011,1,Almond,3631,3
6/29/2011,1,Almond,3881,3
6/29/2011,1,Almond,3141,28
6/29/2011,1,Almond,301,0
6/29/2011,1,Almond,311,74
6/29/2011,1,Almond,351,3
6/29/2011,1,Almond,353,5
6/29/2011,1,Almond,362,0
6/29/2011,1,Almond,364,0
6/29/2011,1,Almond,394,6
6/29/2011,1,Almond,3151,0
6/29/2011,1,Almond,397,8
6/29/2011,1,Almond,368,0
6/29/2011,1,Almond,384,2
6/29/2011,1,Pistachio,422,55
6/29/2011,1,Pistachio,426,51
6/29/2011,1,Almond,349,0
6/29/2011,1,Almond,349,0
6/29/2011,1,Pistachio,412,65
6/29/2011,1,Pistachio,416,20
6/29/2011,1,Pistachio,430,1
6/29/2011,1,Pistachio,434,0
6/29/2011,1,Pistachio,435,0
6/29/2011,1,Pistachio,435,8
6/29/2011,1,Pistachio,441,0
6/29/2011,1,Pistachio,457,0
6/29/2011,1,Pistachio,463,33
6/29/2011,1,Pistachio,411,68
6/29/2011,1,Almond,3071,6
6/29/2011,1,Almond,3071,1
6/29/2011,1,Pistachio,405,0
6/29/2011,1,Pistachio,407,18
6/29/2011,1,Pistachio,423,7
6/29/2011,1,Pistachio,424,6
6/29/2011,1,Pistachio,433,0
6/29/2011,1,Pistachio,440,0
6/29/2011,1,Pistachio,445,1
6/29/2011,1,Pistachio,447,0
6/29/2011,1,Pistachio,480,13
7/7/2011,2,Almond,323,6
7/7/2011,2,Almond,323,4
7/7/2011,2,Almond,338,0
7/7/2011,2,Almond,339,2
7/7/2011,2,Almond,320,7
7/7/2011,2,Almond,374,0
7/7/2011,2,Almond,374,17
7/7/2011,2,Almond,374,10
7/7/2011,2,Almond,377,0
7/7/2011,2,Almond,379,15
7/7/2011,2,Almond,379,24
7/7/2011,2,Almond,381,4
7/7/2011,2,Almond,386,1
7/7/2011,2,Almond,3341,2
7/7/2011,2,Almond,387,18
7/7/2011,2,Almond,387,22
7/7/2011,2,Almond,3961,6
7/7/2011,2,Almond,3131,0
7/7/2011,2,Pistachio,417,8
7/7/2011,2,Pistachio,419,21
7/7/2011,2,Pistachio,437,14
7/7/2011,2,Pistachio,466,0
7/7/2011,2,Pistachio,475,0
7/7/2011,2,Pistachio,477,48
7/7/2011,2,Almond,3061,0
7/7/2011,2,Almond,3631,0
7/7/2011,2,Almond,3881,0
7/7/2011,2,Almond,3141,9
7/7/2011,2,Almond,301,4
7/7/2011,2,Almond,311,11
7/7/2011,2,Almond,351,3
7/7/2011,2,Almond,353,13
7/7/2011,2,Almond,362,0
7/7/2011,2,Almond,364,0
7/7/2011,2,Almond,394,6
7/7/2011,2,Almond,3151,0
7/7/2011,2,Almond,397,17
7/7/2011,2,Almond,368,0
7/7/2011,2,Almond,384,2
7/7/2011,2,Pistachio,422,64
7/7/2011,2,Pistachio,426,43
7/7/2011,2,Almond,349,0
7/7/2011,2,Almond,349,0
7/7/2011,2,Pistachio,412,72
7/7/2011,2,Pistachio,416,17
7/7/2011,2,Pistachio,430,0
7/7/2011,2,Pistachio,434,0
7/7/2011,2,Pistachio,435,0
7/7/2011,2,Pistachio,435,7
7/7/2011,2,Pistachio,441,0
7/7/2011,2,Pistachio,457,68
7/7/2011,2,Pistachio,463,71
7/7/2011,2,Pistachio,411,37
7/7/2011,2,Almond,3071,2
7/7/2011,2,Almond,3071,0
7/7/2011,2,Pistachio,405,0
7/7/2011,2,Pistachio,407,53
7/7/2011,2,Pistachio,423,8
7/7/2011,2,Pistachio,424,9
7/7/2011,2,Pistachio,433,0
7/7/2011,2,Pistachio,440,4
7/7/2011,2,Pistachio,445,0
7/7/2011,2,Pistachio,447,10
7/7/2011,2,Pistachio,480,21
7/12/2011,2,Almond,323,6
7/12/2011,2,Almond,323,24
7/12/2011,2,Almond,338,0
7/12/2011,2,Almond,339,2
7/12/2011,2,Almond,320,0
7/12/2011,2,Almond,374,0
7/12/2011,2,Almond,374,6
7/12/2011,2,Almond,374,18
7/12/2011,2,Almond,377,0
7/12/2011,2,Almond,379,10
7/12/2011,2,Almond,379,6
7/12/2011,2,Almond,381,6
7/12/2011,2,Almond,386,5
7/12/2011,2,Almond,3341,10
7/12/2011,2,Almond,387,19
7/12/2011,2,Almond,387,22
7/12/2011,2,Almond,3961,11
7/12/2011,2,Almond,3131,0
7/12/2011,2,Pistachio,417,1
7/12/2011,2,Pistachio,419,4
7/12/2011,2,Pistachio,437,0
7/12/2011,2,Pistachio,466,0
7/12/2011,2,Pistachio,475,0
7/12/2011,2,Pistachio,477,2
7/12/2011,2,Almond,3061,0
7/12/2011,2,Almond,3631,1
7/12/2011,2,Almond,3881,1
7/12/2011,2,Almond,3141,5
7/12/2011,2,Almond,301,1
7/12/2011,2,Almond,311,4
7/12/2011,2,Almond,351,5
7/12/2011,2,Almond,353,11
7/12/2011,2,Almond,362,0
7/12/2011,2,Almond,364,0
7/12/2011,2,Almond,394,5
7/12/2011,2,Almond,3151,0
7/12/2011,2,Almond,397,1
7/12/2011,2,Almond,368,0
7/12/2011,2,Almond,384,1
7/12/2011,2,Pistachio,422,73
7/12/2011,2,Pistachio,426,87
7/12/2011,2,Almond,349,0
7/12/2011,2,Almond,349,0
7/12/2011,2,Pistachio,412,73
7/12/2011,2,Pistachio,416,2
7/12/2011,2,Pistachio,430,0
7/12/2011,2,Pistachio,434,0
7/12/2011,2,Pistachio,435,0
7/12/2011,2,Pistachio,435,7
7/12/2011,2,Pistachio,441,0
7/12/2011,2,Pistachio,457,0
7/12/2011,2,Pistachio,463,105
7/12/2011,2,Pistachio,411,2
7/12/2011,2,Almond,3071,16
7/12/2011,2,Almond,3071,2
7/12/2011,2,Pistachio,405,0
7/12/2011,2,Pistachio,407,10
7/12/2011,2,Pistachio,423,4
7/12/2011,2,Pistachio,424,6
7/12/2011,2,Pistachio,433,0
7/12/2011,2,Pistachio,440,0
7/12/2011,2,Pistachio,445,5
7/12/2011,2,Pistachio,447,0
7/12/2011,2,Pistachio,480,15
7/20/2011,2,Almond,323,18
7/20/2011,2,Almond,323,58
7/20/2011,2,Almond,338,1
7/20/2011,2,Almond,339,0
7/20/2011,2,Almond,320,5
7/20/2011,2,Almond,374,0
7/20/2011,2,Almond,374,0
7/20/2011,2,Almond,374,7
7/20/2011,2,Almond,377,0
7/20/2011,2,Almond,379,13
7/20/2011,2,Almond,379,16
7/20/2011,2,Almond,381,0
7/20/2011,2,Almond,386,3
7/20/2011,2,Almond,3341,0
7/20/2011,2,Almond,387,10
7/20/2011,2,Almond,387,58
7/20/2011,2,Almond,3961,1
7/20/2011,2,Almond,3131,0
7/20/2011,2,Pistachio,417,15
7/20/2011,2,Pistachio,419,19
7/20/2011,2,Pistachio,437,4
7/20/2011,2,Pistachio,466,0
7/20/2011,2,Pistachio,475,0
7/20/2011,2,Pistachio,477,5
7/20/2011,2,Almond,3061,0
7/20/2011,2,Almond,3631,0
7/20/2011,2,Almond,3881,1
7/20/2011,2,Almond,3141,15
7/20/2011,2,Almond,301,0
7/20/2011,2,Almond,311,28
7/20/2011,2,Almond,351,0
7/20/2011,2,Almond,353,0
7/20/2011,2,Almond,362,0
7/20/2011,2,Almond,364,0
7/20/2011,2,Almond,394,1
7/20/2011,2,Almond,3151,0
7/20/2011,2,Almond,397,9
7/20/2011,2,Almond,368,0
7/20/2011,2,Almond,384,2
7/20/2011,2,Pistachio,422,102
7/20/2011,2,Pistachio,426,9
7/20/2011,2,Almond,349,0
7/20/2011,2,Almond,349,0
7/20/2011,2,Pistachio,412,125
7/20/2011,2,Pistachio,416,22
7/20/2011,2,Pistachio,430,2
7/20/2011,2,Pistachio,434,0
7/20/2011,2,Pistachio,435,3
7/20/2011,2,Pistachio,435,71
7/20/2011,2,Pistachio,441,0
7/20/2011,2,Pistachio,457,96
7/20/2011,2,Pistachio,463,118
7/20/2011,2,Pistachio,411,109
7/20/2011,2,Almond,3071,7
7/20/2011,2,Almond,3071,5
7/20/2011,2,Pistachio,405,0
7/20/2011,2,Pistachio,407,125
7/20/2011,2,Pistachio,423,5
7/20/2011,2,Pistachio,424,21
7/20/2011,2,Pistachio,433,0
7/20/2011,2,Pistachio,440,0
7/20/2011,2,Pistachio,445,19
7/20/2011,2,Pistachio,447,1
7/20/2011,2,Pistachio,480,56
7/27/2011,2,Almond,323,33
7/27/2011,2,Almond,323,30
7/27/2011,2,Almond,338,0
7/27/2011,2,Almond,339,0
7/27/2011,2,Almond,320,0
7/27/2011,2,Almond,374,0
7/27/2011,2,Almond,374,0
7/27/2011,2,Almond,374,0
7/27/2011,2,Almond,377,0
7/27/2011,2,Almond,379,10
7/27/2011,2,Almond,379,0
7/27/2011,2,Almond,381,1
7/27/2011,2,Almond,386,0
7/27/2011,2,Almond,3341,0
7/27/2011,2,Almond,387,0
7/27/2011,2,Almond,387,2
7/27/2011,2,Almond,3961,0
7/27/2011,2,Almond,3131,0
7/27/2011,2,Pistachio,417,9
7/27/2011,2,Pistachio,419,6
7/27/2011,2,Pistachio,437,0
7/27/2011,2,Pistachio,466,0
7/27/2011,2,Pistachio,475,0
7/27/2011,2,Pistachio,477,48
7/27/2011,2,Almond,3061,0
7/27/2011,2,Almond,3631,0
7/27/2011,2,Almond,3881,9
7/27/2011,2,Almond,3141,17
7/27/2011,2,Almond,301,0
7/27/2011,2,Almond,311,7
7/27/2011,2,Almond,351,0
7/27/2011,2,Almond,353,0
7/27/2011,2,Almond,362,0
7/27/2011,2,Almond,364,1
7/27/2011,2,Almond,394,0
7/27/2011,2,Almond,3151,0
7/27/2011,2,Almond,397,0
7/27/2011,2,Almond,368,0
7/27/2011,2,Almond,384,0
7/27/2011,2,Pistachio,422,95
7/27/2011,2,Pistachio,426,84
7/27/2011,2,Almond,349,0
7/27/2011,2,Almond,349,0
7/27/2011,2,Pistachio,412,83
7/27/2011,2,Pistachio,416,6
7/27/2011,2,Pistachio,430,70
7/27/2011,2,Pistachio,434,2
7/27/2011,2,Pistachio,435,14
7/27/2011,2,Pistachio,435,129
7/27/2011,2,Pistachio,441,0
7/27/2011,2,Pistachio,457,63
7/27/2011,2,Pistachio,463,109
7/27/2011,2,Pistachio,411,20
7/27/2011,2,Almond,3071,0
7/27/2011,2,Almond,3071,0
7/27/2011,2,Pistachio,405,29
7/27/2011,2,Pistachio,407,121
7/27/2011,2,Pistachio,423,44
7/27/2011,2,Pistachio,424,12
7/27/2011,2,Pistachio,433,0
7/27/2011,2,Pistachio,440,0
7/27/2011,2,Pistachio,445,103
7/27/2011,2,Pistachio,447,0
7/27/2011,2,Pistachio,480,31
8/3/2011,2,Almond,323,32
8/3/2011,2,Almond,323,44
8/3/2011,2,Almond,338,0
8/3/2011,2,Almond,339,0
8/3/2011,2,Almond,320,0
8/3/2011,2,Almond,374,0
8/3/2011,2,Almond,374,1
8/3/2011,2,Almond,374,1
8/3/2011,2,Almond,377,0
8/3/2011,2,Almond,379,6
8/3/2011,2,Almond,379,2
8/3/2011,2,Almond,381,1
8/3/2011,2,Almond,386,0
8/3/2011,2,Almond,3341,0
8/3/2011,2,Almond,387,1
8/3/2011,2,Almond,387,13
8/3/2011,2,Almond,3961,4
8/3/2011,2,Almond,3131,0
8/3/2011,2,Pistachio,417,1
8/3/2011,2,Pistachio,419,1
8/3/2011,2,Pistachio,437,1
8/3/2011,2,Pistachio,466,0
8/3/2011,2,Pistachio,475,0
8/3/2011,2,Pistachio,477,14
8/3/2011,2,Almond,3061,0
8/3/2011,2,Almond,3631,0
8/3/2011,2,Almond,3881,0
8/3/2011,2,Almond,3141,1
8/3/2011,2,Almond,301,0
8/3/2011,2,Almond,311,2
8/3/2011,2,Almond,351,0
8/3/2011,2,Almond,353,0
8/3/2011,2,Almond,362,0
8/3/2011,2,Almond,364,0
8/3/2011,2,Almond,394,0
8/3/2011,2,Almond,3151,0
8/3/2011,2,Almond,397,0
8/3/2011,2,Almond,368,0
8/3/2011,2,Almond,384,0
8/3/2011,2,Pistachio,422,82
8/3/2011,2,Pistachio,426,64
8/3/2011,2,Almond,349,0
8/3/2011,2,Almond,349,0
8/3/2011,2,Pistachio,412,89
8/3/2011,2,Pistachio,416,4
8/3/2011,2,Pistachio,430,39
8/3/2011,2,Pistachio,434,7
8/3/2011,2,Pistachio,435,2
8/3/2011,2,Pistachio,435,62
8/3/2011,2,Pistachio,441,0
8/3/2011,2,Pistachio,457,69
8/3/2011,2,Pistachio,463,127
8/3/2011,2,Pistachio,411,9
8/3/2011,2,Almond,3071,5
8/3/2011,2,Almond,3071,1
8/3/2011,2,Pistachio,405,21
8/3/2011,2,Pistachio,407,105
8/3/2011,2,Pistachio,423,22
8/3/2011,2,Pistachio,424,21
8/3/2011,2,Pistachio,433,0
8/3/2011,2,Pistachio,440,0
8/3/2011,2,Pistachio,445,127
8/3/2011,2,Pistachio,447,0
8/3/2011,2,Pistachio,480,35
8/10/2011,2,Almond,323,14
8/10/2011,2,Almond,323,13
8/10/2011,2,Almond,338,0
8/10/2011,2,Almond,339,1
8/10/2011,2,Almond,320,0
8/10/2011,2,Almond,374,0
8/10/2011,2,Almond,374,1
8/10/2011,2,Almond,374,6
8/10/2011,2,Almond,377,0
8/10/2011,2,Almond,379,73
8/10/2011,2,Almond,379,5
8/10/2011,2,Almond,381,29
8/10/2011,2,Almond,386,0
8/10/2011,2,Almond,3341,3
8/10/2011,2,Almond,387,2
8/10/2011,2,Almond,387,6
8/10/2011,2,Almond,3961,0
8/10/2011,2,Almond,3131,0
8/10/2011,2,Pistachio,417,0
8/10/2011,2,Pistachio,419,0
8/10/2011,2,Pistachio,437,0
8/10/2011,2,Pistachio,466,0
8/10/2011,2,Pistachio,475,0
8/10/2011,2,Pistachio,477,16
8/10/2011,2,Almond,3061,0
8/10/2011,2,Almond,3631,1
8/10/2011,2,Almond,3881,0
8/10/2011,2,Almond,3141,1
8/10/2011,2,Almond,301,0
8/10/2011,2,Almond,311,5
8/10/2011,2,Almond,351,15
8/10/2011,2,Almond,353,2
8/10/2011,2,Almond,362,0
8/10/2011,2,Almond,364,0
8/10/2011,2,Almond,394,0
8/10/2011,2,Almond,3151,0
8/10/2011,2,Almond,397,13
8/10/2011,2,Almond,368,0
8/10/2011,2,Almond,384,0
8/10/2011,2,Pistachio,422,112
8/10/2011,2,Pistachio,426,81
8/10/2011,2,Almond,349,0
8/10/2011,2,Almond,349,0
8/10/2011,2,Pistachio,412,106
8/10/2011,2,Pistachio,416,1
8/10/2011,2,Pistachio,430,0
8/10/2011,2,Pistachio,434,0
8/10/2011,2,Pistachio,435,0
8/10/2011,2,Pistachio,435,7
8/10/2011,2,Pistachio,441,0
8/10/2011,2,Pistachio,457,86
8/10/2011,2,Pistachio,463,95
8/10/2011,2,Pistachio,411,15
8/10/2011,2,Almond,3071,2
8/10/2011,2,Almond,3071,1
8/10/2011,2,Pistachio,405,2
8/10/2011,2,Pistachio,407,119
8/10/2011,2,Pistachio,423,27
8/10/2011,2,Pistachio,424,39
8/10/2011,2,Pistachio,433,0
8/10/2011,2,Pistachio,440,0
8/10/2011,2,Pistachio,445,28
8/10/2011,2,Pistachio,447,0
8/10/2011,2,Pistachio,480,9
8/17/2011,3,Almond,323,79
8/17/2011,3,Almond,323,101
8/17/2011,3,Almond,338,0
8/17/2011,3,Almond,339,28
8/17/2011,3,Almond,320,42
8/17/2011,3,Almond,374,0
8/17/2011,3,Almond,374,19
8/17/2011,3,Almond,374,37
8/17/2011,3,Almond,377,0
8/17/2011,3,Almond,379,68
8/17/2011,3,Almond,379,78
8/17/2011,3,Almond,381,68
8/17/2011,3,Almond,386,24
8/17/2011,3,Almond,3341,16
8/17/2011,3,Almond,387,34
8/17/2011,3,Almond,387,70
8/17/2011,3,Almond,3961,4
8/17/2011,3,Almond,3131,0
8/17/2011,3,Pistachio,417,27
8/17/2011,3,Pistachio,419,35
8/17/2011,3,Pistachio,437,6
8/17/2011,3,Pistachio,466,0
8/17/2011,3,Pistachio,475,0
8/17/2011,3,Pistachio,477,53
8/17/2011,3,Almond,3061,0
8/17/2011,3,Almond,3631,0
8/17/2011,3,Almond,3881,1
8/17/2011,3,Almond,3141,31
8/17/2011,3,Almond,301,4
8/17/2011,3,Almond,311,42
8/17/2011,3,Almond,351,23
8/17/2011,3,Almond,353,7
8/17/2011,3,Almond,362,0
8/17/2011,3,Almond,364,0
8/17/2011,3,Almond,394,2
8/17/2011,3,Almond,3151,0
8/17/2011,3,Almond,397,31
8/17/2011,3,Almond,368,0
8/17/2011,3,Almond,384,4
8/17/2011,3,Pistachio,422,91
8/17/2011,3,Pistachio,426,96
8/17/2011,3,Almond,349,0
8/17/2011,3,Almond,349,1
8/17/2011,3,Pistachio,412,50
8/17/2011,3,Pistachio,416,5
8/17/2011,3,Pistachio,430,29
8/17/2011,3,Pistachio,434,0
8/17/2011,3,Pistachio,435,5
8/17/2011,3,Pistachio,435,84
8/17/2011,3,Pistachio,441,0
8/17/2011,3,Pistachio,457,52
8/17/2011,3,Pistachio,463,61
8/17/2011,3,Pistachio,411,26
8/17/2011,3,Almond,3071,6
8/17/2011,3,Almond,3071,2
8/17/2011,3,Pistachio,405,30
8/17/2011,3,Pistachio,407,48
8/17/2011,3,Pistachio,423,21
8/17/2011,3,Pistachio,424,17
8/17/2011,3,Pistachio,433,0
8/17/2011,3,Pistachio,440,0
8/17/2011,3,Pistachio,445,58
8/17/2011,3,Pistachio,447,0
8/17/2011,3,Pistachio,480,5
8/24/2011,3,Almond,323,76
8/24/2011,3,Almond,323,72
8/24/2011,3,Almond,338,0
8/24/2011,3,Almond,339,37
8/24/2011,3,Almond,320,49
8/24/2011,3,Almond,374,0
8/24/2011,3,Almond,374,18
8/24/2011,3,Almond,374,36
8/24/2011,3,Almond,377,0
8/24/2011,3,Almond,379,75
8/24/2011,3,Almond,379,76
8/24/2011,3,Almond,381,61
8/24/2011,3,Almond,386,24
8/24/2011,3,Almond,3341,43
8/24/2011,3,Almond,387,65
8/24/2011,3,Almond,387,90
8/24/2011,3,Almond,3961,16
8/24/2011,3,Almond,3131,0
8/24/2011,3,Pistachio,417,22
8/24/2011,3,Pistachio,419,24
8/24/2011,3,Pistachio,437,12
8/24/2011,3,Pistachio,466,5
8/24/2011,3,Pistachio,475,0
8/24/2011,3,Pistachio,477,55
8/24/2011,3,Almond,3061,1
8/24/2011,3,Almond,3631,2
8/24/2011,3,Almond,3881,1
8/24/2011,3,Almond,3141,46
8/24/2011,3,Almond,301,1
8/24/2011,3,Almond,311,40
8/24/2011,3,Almond,351,23
8/24/2011,3,Almond,353,38
8/24/2011,3,Almond,362,0
8/24/2011,3,Almond,364,0
8/24/2011,3,Almond,394,10
8/24/2011,3,Almond,3151,0
8/24/2011,3,Almond,397,21
8/24/2011,3,Almond,368,0
8/24/2011,3,Almond,384,7
8/24/2011,3,Pistachio,422,90
8/24/2011,3,Pistachio,426,m
8/24/2011,3,Almond,349,0
8/24/2011,3,Almond,349,0
8/24/2011,3,Pistachio,412,93
8/24/2011,3,Pistachio,416,20
8/24/2011,3,Pistachio,430,36
8/24/2011,3,Pistachio,434,10
8/24/2011,3,Pistachio,435,2
8/24/2011,3,Pistachio,435,87
8/24/2011,3,Pistachio,441,0
8/24/2011,3,Pistachio,457,113
8/24/2011,3,Pistachio,463,102
8/24/2011,3,Pistachio,411,95
8/24/2011,3,Almond,3071,37
8/24/2011,3,Almond,3071,1
8/24/2011,3,Pistachio,405,14
8/24/2011,3,Pistachio,407,90
8/24/2011,3,Pistachio,423,20
8/24/2011,3,Pistachio,424,14
8/24/2011,3,Pistachio,433,0
8/24/2011,3,Pistachio,440,0
8/24/2011,3,Pistachio,445,47
8/24/2011,3,Pistachio,447,0
8/24/2011,3,Pistachio,480,16
8/31/2011,3,Almond,323,66
8/31/2011,3,Almond,323,56
8/31/2011,3,Almond,338,2
8/31/2011,3,Almond,339,1
8/31/2011,3,Almond,320,38
8/31/2011,3,Almond,374,0
8/31/2011,3,Almond,374,6
8/31/2011,3,Almond,374,24
8/31/2011,3,Almond,377,0
8/31/2011,3,Almond,379,9
8/31/2011,3,Almond,379,0
8/31/2011,3,Almond,381,7
8/31/2011,3,Almond,386,34
8/31/2011,3,Almond,3341,12
8/31/2011,3,Almond,387,0
8/31/2011,3,Almond,387,82
8/31/2011,3,Almond,3961,0
8/31/2011,3,Almond,3131,0
8/31/2011,3,Pistachio,417,0
8/31/2011,3,Pistachio,419,0
8/31/2011,3,Pistachio,437,0
8/31/2011,3,Pistachio,466,0
8/31/2011,3,Pistachio,475,0
8/31/2011,3,Pistachio,477,0
8/31/2011,3,Almond,3061,0
8/31/2011,3,Almond,3631,2
8/31/2011,3,Almond,3881,0
8/31/2011,3,Almond,3141,6
8/31/2011,3,Almond,301,0
8/31/2011,3,Almond,311,32
8/31/2011,3,Almond,351,4
8/31/2011,3,Almond,353,21
8/31/2011,3,Almond,362,2
8/31/2011,3,Almond,364,0
8/31/2011,3,Almond,394,0
8/31/2011,3,Almond,3151,3
8/31/2011,3,Almond,397,4
8/31/2011,3,Almond,368,0
8/31/2011,3,Almond,384,0
8/31/2011,3,Pistachio,422,76
8/31/2011,3,Pistachio,426,55
8/31/2011,3,Almond,349,0
8/31/2011,3,Almond,349,0
8/31/2011,3,Pistachio,412,21
8/31/2011,3,Pistachio,416,10
8/31/2011,3,Pistachio,430,0
8/31/2011,3,Pistachio,434,0
8/31/2011,3,Pistachio,435,0
8/31/2011,3,Pistachio,435,8
8/31/2011,3,Pistachio,441,0
8/31/2011,3,Pistachio,457,59
8/31/2011,3,Pistachio,463,83
8/31/2011,3,Pistachio,411,12
8/31/2011,3,Almond,3071,7
8/31/2011,3,Almond,3071,1
8/31/2011,3,Pistachio,405,0
8/31/2011,3,Pistachio,407,51
8/31/2011,3,Pistachio,423,5
8/31/2011,3,Pistachio,424,1
8/31/2011,3,Pistachio,433,0
8/31/2011,3,Pistachio,440,0
8/31/2011,3,Pistachio,445,0
8/31/2011,3,Pistachio,447,0
8/31/2011,3,Pistachio,480,0
9/7/2011,3,Almond,323,97
9/7/2011,3,Almond,323,68
9/7/2011,3,Almond,338,0
9/7/2011,3,Almond,339,6
9/7/2011,3,Almond,320,47
9/7/2011,3,Almond,374,0
9/7/2011,3,Almond,374,8
9/7/2011,3,Almond,374,43
9/7/2011,3,Almond,377,0
9/7/2011,3,Almond,379,45
9/7/2011,3,Almond,379,71
9/7/2011,3,Almond,381,0
9/7/2011,3,Almond,386,20
9/7/2011,3,Almond,3341,5
9/7/2011,3,Almond,387,69
9/7/2011,3,Almond,387,45
9/7/2011,3,Almond,3961,0
9/7/2011,3,Almond,3131,0
9/7/2011,3,Pistachio,417,3
9/7/2011,3,Pistachio,419,6
9/7/2011,3,Pistachio,437,0
9/7/2011,3,Pistachio,466,0
9/7/2011,3,Pistachio,475,0
9/7/2011,3,Pistachio,477,19
9/7/2011,3,Almond,3061,0
9/7/2011,3,Almond,3631,0
9/7/2011,3,Almond,3881,0
9/7/2011,3,Almond,3141,11
9/7/2011,3,Almond,301,1
9/7/2011,3,Almond,311,39
9/7/2011,3,Almond,351,5
9/7/2011,3,Almond,353,12
9/7/2011,3,Almond,362,0
9/7/2011,3,Almond,364,0
9/7/2011,3,Almond,394,14
9/7/2011,3,Almond,3151,2
9/7/2011,3,Almond,397,18
9/7/2011,3,Almond,368,1
9/7/2011,3,Almond,384,0
9/7/2011,3,Pistachio,422,18
9/7/2011,3,Pistachio,426,2
9/7/2011,3,Almond,349,0
9/7/2011,3,Almond,349,0
9/7/2011,3,Pistachio,412,85
9/7/2011,3,Pistachio,416,1
9/7/2011,3,Pistachio,430,0
9/7/2011,3,Pistachio,434,0
9/7/2011,3,Pistachio,435,1
9/7/2011,3,Pistachio,435,1
9/7/2011,3,Pistachio,441,0
9/7/2011,3,Pistachio,457,0
9/7/2011,3,Pistachio,463,1
9/7/2011,3,Pistachio,411,0
9/7/2011,3,Almond,3071,20
9/7/2011,3,Almond,3071,1
9/7/2011,3,Pistachio,405,0
9/7/2011,3,Pistachio,407,91
9/7/2011,3,Pistachio,423,6
9/7/2011,3,Pistachio,424,24
9/7/2011,3,Pistachio,433,0
9/7/2011,3,Pistachio,440,0
9/7/2011,3,Pistachio,445,22
9/7/2011,3,Pistachio,447,0
9/7/2011,3,Pistachio,480,5
9/14/2011,3,Almond,323,104
9/14/2011,3,Almond,323,66
9/14/2011,3,Almond,338,0
9/14/2011,3,Almond,339,11
9/14/2011,3,Almond,320,51
9/14/2011,3,Almond,374,0
9/14/2011,3,Almond,374,0
9/14/2011,3,Almond,374,30
9/14/2011,3,Almond,377,0
9/14/2011,3,Almond,379,54
9/14/2011,3,Almond,379,53
9/14/2011,3,Almond,381,0
9/14/2011,3,Almond,386,28
9/14/2011,3,Almond,3341,29
9/14/2011,3,Almond,387,8
9/14/2011,3,Almond,387,69
9/14/2011,3,Almond,3961,8
9/14/2011,3,Almond,3131,2
9/14/2011,3,Pistachio,417,6
9/14/2011,3,Pistachio,419,12
9/14/2011,3,Pistachio,437,0
9/14/2011,3,Pistachio,466,2
9/14/2011,3,Pistachio,475,1
9/14/2011,3,Pistachio,477,25
9/14/2011,3,Almond,3061,4
9/14/2011,3,Almond,3631,0
9/14/2011,3,Almond,3881,2
9/14/2011,3,Almond,3141,0
9/14/2011,3,Almond,301,0
9/14/2011,3,Almond,311,10
9/14/2011,3,Almond,351,2
9/14/2011,3,Almond,353,10
9/14/2011,3,Almond,362,0
9/14/2011,3,Almond,364,0
9/14/2011,3,Almond,394,31
9/14/2011,3,Almond,3151,0
9/14/2011,3,Almond,397,10
9/14/2011,3,Almond,368,0
9/14/2011,3,Almond,384,5
9/14/2011,3,Pistachio,422,61
9/14/2011,3,Pistachio,426,0
9/14/2011,3,Almond,349,0
9/14/2011,3,Almond,349,0
9/14/2011,3,Pistachio,412,0
9/14/2011,3,Pistachio,416,0
9/14/2011,3,Pistachio,430,0
9/14/2011,3,Pistachio,434,0
9/14/2011,3,Pistachio,435,0
9/14/2011,3,Pistachio,435,2
9/14/2011,3,Pistachio,441,0
9/14/2011,3,Pistachio,457,0
9/14/2011,3,Pistachio,463,0
9/14/2011,3,Pistachio,411,0
9/14/2011,3,Almond,3071,0
9/14/2011,3,Almond,3071,4
9/14/2011,3,Pistachio,405,0
9/14/2011,3,Pistachio,407,0
9/14/2011,3,Pistachio,423,1
9/14/2011,3,Pistachio,424,3
9/14/2011,3,Pistachio,433,0
9/14/2011,3,Pistachio,440,0
9/14/2011,3,Pistachio,445,0
9/14/2011,3,Pistachio,447,0
9/14/2011,3,Pistachio,480,1
9/21/2011,3,Almond,323,84
9/21/2011,3,Almond,323,101
9/21/2011,3,Almond,338,0
9/21/2011,3,Almond,339,11
9/21/2011,3,Almond,320,42
9/21/2011,3,Almond,374,0
9/21/2011,3,Almond,374,24
9/21/2011,3,Almond,374,76
9/21/2011,3,Almond,377,0
9/21/2011,3,Almond,379,72
9/21/2011,3,Almond,379,83
9/21/2011,3,Almond,381,41
9/21/2011,3,Almond,386,37
9/21/2011,3,Almond,3341,8
9/21/2011,3,Almond,387,92
9/21/2011,3,Almond,387,44
9/21/2011,3,Almond,3961,10
9/21/2011,3,Almond,3131,0
9/21/2011,3,Pistachio,417,4
9/21/2011,3,Pistachio,419,41
9/21/2011,3,Pistachio,437,9
9/21/2011,3,Pistachio,466,0
9/21/2011,3,Pistachio,475,0
9/21/2011,3,Pistachio,477,18
9/21/2011,3,Almond,3061,2
9/21/2011,3,Almond,3631,9
9/21/2011,3,Almond,3881,4
9/21/2011,3,Almond,3141,30
9/21/2011,3,Almond,301,1
9/21/2011,3,Almond,311,64
9/21/2011,3,Almond,351,8
9/21/2011,3,Almond,353,41
9/21/2011,3,Almond,362,2
9/21/2011,3,Almond,364,0
9/21/2011,3,Almond,394,70
9/21/2011,3,Almond,3151,1
9/21/2011,3,Almond,397,0
9/21/2011,3,Almond,368,0
9/21/2011,3,Almond,384,1
9/21/2011,3,Pistachio,422,80
9/21/2011,3,Pistachio,426,0
9/21/2011,3,Almond,349,0
9/21/2011,3,Almond,349,0
9/21/2011,3,Pistachio,412,22
9/21/2011,3,Pistachio,416,2
9/21/2011,3,Pistachio,430,0
9/21/2011,3,Pistachio,434,0
9/21/2011,3,Pistachio,435,6
9/21/2011,3,Pistachio,435,6
9/21/2011,3,Pistachio,441,0
9/21/2011,3,Pistachio,457,46
9/21/2011,3,Pistachio,463,1
9/21/2011,3,Pistachio,411,19
9/21/2011,3,Almond,3071,4
9/21/2011,3,Almond,3071,5
9/21/2011,3,Pistachio,405,0
9/21/2011,3,Pistachio,407,0
9/21/2011,3,Pistachio,423,4
9/21/2011,3,Pistachio,424,27
9/21/2011,3,Pistachio,433,0
9/21/2011,3,Pistachio,440,0
9/21/2011,3,Pistachio,445,0
9/21/2011,3,Pistachio,447,0
9/21/2011,3,Pistachio,480,1
9/28/2011,3,Almond,323,80
9/28/2011,3,Almond,323,69
9/28/2011,3,Almond,338,0
9/28/2011,3,Almond,339,0
9/28/2011,3,Almond,320,3
9/28/2011,3,Almond,374,0
9/28/2011,3,Almond,374,2
9/28/2011,3,Almond,374,27
9/28/2011,3,Almond,377,0
9/28/2011,3,Almond,379,12
9/28/2011,3,Almond,379,32
9/28/2011,3,Almond,381,38
9/28/2011,3,Almond,386,2
9/28/2011,3,Almond,3341,58
9/28/2011,3,Almond,387,8
9/28/2011,3,Almond,387,95
9/28/2011,3,Almond,3961,23
9/28/2011,3,Almond,3131,0
9/28/2011,3,Pistachio,417,12
9/28/2011,3,Pistachio,419,0
9/28/2011,3,Pistachio,437,9
9/28/2011,3,Pistachio,466,0
9/28/2011,3,Pistachio,475,0
9/28/2011,3,Pistachio,477,12
9/28/2011,3,Almond,3061,1
9/28/2011,3,Almond,3631,5
9/28/2011,3,Almond,3881,9
9/28/2011,3,Almond,3141,25
9/28/2011,3,Almond,301,0
9/28/2011,3,Almond,311,18
9/28/2011,3,Almond,351,23
9/28/2011,3,Almond,353,5
9/28/2011,3,Almond,362,0
9/28/2011,3,Almond,364,0
9/28/2011,3,Almond,394,41
9/28/2011,3,Almond,3151,2
9/28/2011,3,Almond,397,33
9/28/2011,3,Almond,368,1
9/28/2011,3,Almond,384,3
9/28/2011,3,Pistachio,422,62
9/28/2011,3,Pistachio,426,12
9/28/2011,3,Almond,349,0
9/28/2011,3,Almond,349,0
9/28/2011,3,Pistachio,412,43
9/28/2011,3,Pistachio,416,8
9/28/2011,3,Pistachio,430,0
9/28/2011,3,Pistachio,434,0
9/28/2011,3,Pistachio,435,2
9/28/2011,3,Pistachio,435,0
9/28/2011,3,Pistachio,441,0
9/28/2011,3,Pistachio,457,1
9/28/2011,3,Pistachio,463,2
9/28/2011,3,Pistachio,411,17
9/28/2011,3,Almond,3071,1
9/28/2011,3,Almond,3071,2
9/28/2011,3,Pistachio,405,0
9/28/2011,3,Pistachio,407,0
9/28/2011,3,Pistachio,423,4
9/28/2011,3,Pistachio,424,44
9/28/2011,3,Pistachio,433,0
9/28/2011,3,Pistachio,440,0
9/28/2011,3,Pistachio,445,0
9/28/2011,3,Pistachio,447,0
9/28/2011,3,Pistachio,480,5
10/4/2011,3,Almond,323,94
10/4/2011,3,Almond,323,70
10/4/2011,3,Almond,338,0
10/4/2011,3,Almond,339,27
10/4/2011,3,Almond,320,66
10/4/2011,3,Almond,374,0
10/4/2011,3,Almond,374,53
10/4/2011,3,Almond,374,48
10/4/2011,3,Almond,377,0
10/4/2011,3,Almond,379,16
10/4/2011,3,Almond,379,41
10/4/2011,3,Almond,381,48
10/4/2011,3,Almond,386,38
10/4/2011,3,Almond,3341,59
10/4/2011,3,Almond,387,70
10/4/2011,3,Almond,387,82
10/4/2011,3,Almond,3961,55
10/4/2011,3,Almond,3131,2
10/4/2011,3,Pistachio,417,11
10/4/2011,3,Pistachio,419,0
10/4/2011,3,Pistachio,437,0
10/4/2011,3,Pistachio,466,1
10/4/2011,3,Pistachio,475,0
10/4/2011,3,Pistachio,477,2
10/4/2011,3,Almond,3061,5
10/4/2011,3,Almond,3631,4
10/4/2011,3,Almond,3881,16
10/4/2011,3,Almond,3141,62
10/4/2011,3,Almond,301,4
10/4/2011,3,Almond,311,41
10/4/2011,3,Almond,351,40
10/4/2011,3,Almond,353,33
10/4/2011,3,Almond,362,2
10/4/2011,3,Almond,364,4
10/4/2011,3,Almond,394,30
10/4/2011,3,Almond,3151,2
10/4/2011,3,Almond,397,47
10/4/2011,3,Almond,368,6
10/4/2011,3,Almond,384,26
10/4/2011,3,Pistachio,422,50
10/4/2011,3,Pistachio,426,5
10/4/2011,3,Almond,349,0
10/4/2011,3,Almond,349,0
10/4/2011,3,Pistachio,412,3
10/4/2011,3,Pistachio,416,15
10/4/2011,3,Pistachio,430,0
10/4/2011,3,Pistachio,434,0
10/4/2011,3,Pistachio,435,6
10/4/2011,3,Pistachio,435,72
10/4/2011,3,Pistachio,441,0
10/4/2011,3,Pistachio,457,24
10/4/2011,3,Pistachio,463,6
10/4/2011,3,Pistachio,411,26
10/4/2011,3,Almond,3071,23
10/4/2011,3,Almond,3071,35
10/4/2011,3,Pistachio,405,3
10/4/2011,3,Pistachio,407,4
10/4/2011,3,Pistachio,423,29
10/4/2011,3,Pistachio,424,60
10/4/2011,3,Pistachio,433,0
10/4/2011,3,Pistachio,440,0
10/4/2011,3,Pistachio,445,19
10/4/2011,3,Pistachio,447,0
10/4/2011,3,Pistachio,480,13
10/11/2011,3,Almond,323,74
10/11/2011,3,Almond,323,60
10/11/2011,3,Almond,338,0
10/11/2011,3,Almond,339,71
10/11/2011,3,Almond,320,75
10/11/2011,3,Almond,374,0
10/11/2011,3,Almond,374,29
10/11/2011,3,Almond,374,10
10/11/2011,3,Almond,377,1
10/11/2011,3,Almond,379,10
10/11/2011,3,Almond,379,18
10/11/2011,3,Almond,381,50
10/11/2011,3,Almond,386,61
10/11/2011,3,Almond,3341,57
10/11/2011,3,Almond,387,84
10/11/2011,3,Almond,387,94
10/11/2011,3,Almond,3961,24
10/11/2011,3,Almond,3131,0
10/11/2011,3,Pistachio,417,30
10/11/2011,3,Pistachio,419,2
10/11/2011,3,Pistachio,437,0
10/11/2011,3,Pistachio,466,0
10/11/2011,3,Pistachio,475,0
10/11/2011,3,Pistachio,477,0
10/11/2011,3,Almond,3061,9
10/11/2011,3,Almond,3631,20
10/11/2011,3,Almond,3881,55
10/11/2011,3,Almond,3141,56
10/11/2011,3,Almond,301,4
10/11/2011,3,Almond,311,30
10/11/2011,3,Almond,351,60
10/11/2011,3,Almond,353,36
10/11/2011,3,Almond,362,1
10/11/2011,3,Almond,364,6
10/11/2011,3,Almond,394,32
10/11/2011,3,Almond,3151,40
10/11/2011,3,Almond,397,48
10/11/2011,3,Almond,368,5
10/11/2011,3,Almond,384,48
10/11/2011,3,Pistachio,422,43
10/11/2011,3,Pistachio,426,57
10/11/2011,3,Almond,349,0
10/11/2011,3,Almond,349,0
10/11/2011,3,Pistachio,412,47
10/11/2011,3,Pistachio,416,12
10/11/2011,3,Pistachio,430,0
10/11/2011,3,Pistachio,434,0
10/11/2011,3,Pistachio,435,0
10/11/2011,3,Pistachio,435,0
10/11/2011,3,Pistachio,441,0
10/11/2011,3,Pistachio,457,0
10/11/2011,3,Pistachio,463,3
10/11/2011,3,Pistachio,411,1
10/11/2011,3,Almond,3071,10
10/11/2011,3,Almond,3071,6
10/11/2011,3,Pistachio,405,0
10/11/2011,3,Pistachio,407,3
10/11/2011,3,Pistachio,423,0
10/11/2011,3,Pistachio,424,0
10/11/2011,3,Pistachio,433,0
10/11/2011,3,Pistachio,440,0
10/11/2011,3,Pistachio,445,5
10/11/2011,3,Pistachio,447,0
10/11/2011,3,Pistachio,480,0
10/19/2011,3,Almond,323,96
10/19/2011,3,Almond,323,75
10/19/2011,3,Almond,338,0
10/19/2011,3,Almond,339,75
10/19/2011,3,Almond,320,87
10/19/2011,3,Almond,374,0
10/19/2011,3,Almond,374,69
10/19/2011,3,Almond,374,53
10/19/2011,3,Almond,377,1
10/19/2011,3,Almond,379,62
10/19/2011,3,Almond,379,62
10/19/2011,3,Almond,381,74
10/19/2011,3,Almond,386,97
10/19/2011,3,Almond,3341,86
10/19/2011,3,Almond,387,90
10/19/2011,3,Almond,387,86
10/19/2011,3,Almond,3961,26
10/19/2011,3,Almond,3131,25
10/19/2011,3,Pistachio,417,31
10/19/2011,3,Pistachio,419,44
10/19/2011,3,Pistachio,437,0
10/19/2011,3,Pistachio,466,24
10/19/2011,3,Pistachio,475,0
10/19/2011,3,Pistachio,477,45
10/19/2011,3,Almond,3061,20
10/19/2011,3,Almond,3631,13
10/19/2011,3,Almond,3881,55
10/19/2011,3,Almond,3141,47
10/19/2011,3,Almond,301,28
10/19/2011,3,Almond,311,30
10/19/2011,3,Almond,351,39
10/19/2011,3,Almond,353,30
10/19/2011,3,Almond,362,5
10/19/2011,3,Almond,364,26
10/19/2011,3,Almond,394,77
10/19/2011,3,Almond,3151,48
10/19/2011,3,Almond,397,53
10/19/2011,3,Almond,368,8
10/19/2011,3,Almond,384,61
10/19/2011,3,Pistachio,422,55
10/19/2011,3,Pistachio,426,67
10/19/2011,3,Almond,349,1
10/19/2011,3,Almond,349,1
10/19/2011,3,Pistachio,412,53
10/19/2011,3,Pistachio,416,50
10/19/2011,3,Pistachio,430,0
10/19/2011,3,Pistachio,434,0
10/19/2011,3,Pistachio,435,2
10/19/2011,3,Pistachio,435,46
10/19/2011,3,Pistachio,441,0
10/19/2011,3,Pistachio,457,43
10/19/2011,3,Pistachio,463,12
10/19/2011,3,Pistachio,411,2
10/19/2011,3,Almond,3071,54
10/19/2011,3,Almond,3071,50
10/19/2011,3,Pistachio,405,0
10/19/2011,3,Pistachio,407,6
10/19/2011,3,Pistachio,423,0
10/19/2011,3,Pistachio,424,0
10/19/2011,3,Pistachio,433,0
10/19/2011,3,Pistachio,440,0
10/19/2011,3,Pistachio,445,7
10/19/2011,3,Pistachio,447,0
10/19/2011,3,Pistachio,480,13
10/26/2011,3,Almond,323,67
10/26/2011,3,Almond,323,59
10/26/2011,3,Almond,338,9
10/26/2011,3,Almond,339,44
10/26/2011,3,Almond,320,82
10/26/2011,3,Almond,374,0
10/26/2011,3,Almond,374,78
10/26/2011,3,Almond,374,49
10/26/2011,3,Almond,377,0
10/26/2011,3,Almond,379,82
10/26/2011,3,Almond,379,57
10/26/2011,3,Almond,381,65
10/26/2011,3,Almond,386,67
10/26/2011,3,Almond,3341,90
10/26/2011,3,Almond,387,91
10/26/2011,3,Almond,387,87
10/26/2011,3,Almond,3961,67
10/26/2011,3,Almond,3131,1
10/26/2011,3,Pistachio,417,54
10/26/2011,3,Pistachio,419,66
10/26/2011,3,Pistachio,437,6
10/26/2011,3,Pistachio,466,55
10/26/2011,3,Pistachio,475,3
10/26/2011,3,Pistachio,477,37
10/26/2011,3,Almond,3061,10
10/26/2011,3,Almond,3631,30
10/26/2011,3,Almond,3881,21
10/26/2011,3,Almond,3141,18
10/26/2011,3,Almond,301,21
10/26/2011,3,Almond,311,48
10/26/2011,3,Almond,351,73
10/26/2011,3,Almond,353,50
10/26/2011,3,Almond,362,22
10/26/2011,3,Almond,364,41
10/26/2011,3,Almond,394,66
10/26/2011,3,Almond,3151,55
10/26/2011,3,Almond,397,56
10/26/2011,3,Almond,368,30
10/26/2011,3,Almond,384,36
10/26/2011,3,Pistachio,422,34
10/26/2011,3,Pistachio,426,67
10/26/2011,3,Almond,349,1
10/26/2011,3,Almond,349,3
10/26/2011,3,Pistachio,412,18
10/26/2011,3,Pistachio,416,25
10/26/2011,3,Pistachio,430,0
10/26/2011,3,Pistachio,434,0
10/26/2011,3,Pistachio,435,8
10/26/2011,3,Pistachio,435,30
10/26/2011,3,Pistachio,441,0
10/26/2011,3,Pistachio,457,46
10/26/2011,3,Pistachio,463,2
10/26/2011,3,Pistachio,411,11
10/26/2011,3,Almond,3071,26
10/26/2011,3,Almond,3071,24
10/26/2011,3,Pistachio,405,0
10/26/2011,3,Pistachio,407,17
10/26/2011,3,Pistachio,423,0
10/26/2011,3,Pistachio,424,0
10/26/2011,3,Pistachio,433,0
10/26/2011,3,Pistachio,440,0
10/26/2011,3,Pistachio,445,4
10/26/2011,3,Pistachio,447,0
10/26/2011,3,Pistachio,480,2
